feature,mean_abs_contribution
Tuition fees up to date,0.39599447969765317
Course,0.24178283226956918
Age at enrollment,0.2071465208922559
Application mode,0.18116231736096475
Scholarship holder,0.15271596236683718
Gender,0.13803756016942811
Mother's occupation,0.1368625378828873
Admission grade,0.10138419252806924
Unemployment rate,0.10116882943292896
Previous qualification (grade),0.09440573564414605
Father's occupation,0.09089294462232178
Mother's qualification,0.07523493899605178
GDP,0.06390078880191218
Father's qualification,0.06302592123901106
Debtor,0.06278111346007888
Inflation rate,0.0366903788594673
Displaced,0.035680199359636795
Application order,0.03207818902000717
Previous qualification,0.020851442731462135
Marital status,0.0157234481955978
International,0.012809801361630747
Daytime/evening attendance,0.010149894754075508
Educational special needs,0.00021089495799583304
Nacionality,0.0
