slice,group,n,true_dropout_rate,predicted_dropout_rate,dropout_recall,accuracy,macro_f1
Age group,20-24,1056,0.2916666666666667,0.2784090909090909,0.737012987012987,0.7556818181818182,0.7245591921318377
Age group,25-29,332,0.5783132530120482,0.5632530120481928,0.8645833333333334,0.7680722891566265,0.6851827717081106
Age group,30-39,374,0.5614973262032086,0.5454545454545454,0.8809523809523809,0.8235294117647058,0.7520652096045249
Age group,40+,198,0.5050505050505051,0.4797979797979798,0.87,0.7727272727272727,0.6521379329889969
Age group,<=19,1579,0.2070930968967701,0.16149461684610514,0.6024464831804281,0.7853071564281191,0.7036500644708944
Course,171,175,0.38285714285714284,0.5085714285714286,0.7761194029850746,0.6,0.48913951545530493
Course,8014,165,0.3212121212121212,0.28484848484848485,0.8301886792452831,0.8363636363636363,0.7427130852340936
Course,9003,171,0.391812865497076,0.38011695906432746,0.8507462686567164,0.8011695906432749,0.7526333540888336
Course,9070,174,0.22413793103448276,0.1724137931034483,0.5641025641025641,0.7528735632183908,0.6722274799433402
Course,9085,277,0.2851985559566787,0.24548736462093862,0.759493670886076,0.7833935018050542,0.7637799689164054
Course,9119,133,0.5112781954887218,0.45864661654135336,0.7058823529411765,0.6842105263157895,0.6437654112072716
Course,9130,115,0.5565217391304348,0.5391304347826087,0.796875,0.7043478260869566,0.5947808060484117
Course,9147,302,0.3609271523178808,0.3079470198675497,0.7155963302752294,0.7317880794701986,0.7347903611200253
Course,9238,291,0.18900343642611683,0.1718213058419244,0.7818181818181819,0.8797250859106529,0.7889635346300717
Course,9254,198,0.3939393939393939,0.36363636363636365,0.7692307692307693,0.7373737373737373,0.6623034424139397
Course,9500,607,0.14827018121911037,0.11696869851729819,0.6888888888888889,0.8599670510708401,0.7538369363495475
Course,9556,66,0.36363636363636365,0.3333333333333333,0.8333333333333334,0.7575757575757576,0.7085742842864282
Course,9670,213,0.3286384976525822,0.3004694835680751,0.7714285714285715,0.7699530516431925,0.720886657019944
Course,9773,267,0.30711610486891383,0.2696629213483146,0.7317073170731707,0.7827715355805244,0.6704657131486399
Course,9853,158,0.45569620253164556,0.3924050632911392,0.7083333333333334,0.6962025316455697,0.6815461805586983
Course,9991,217,0.5207373271889401,0.4608294930875576,0.831858407079646,0.7788018433179723,0.7358247135500031
Gender,0,2298,0.25282854656222803,0.22019147084421237,0.7401032702237521,0.8028720626631853,0.7436553047207598
Gender,1,1241,0.44802578565672846,0.4262691377921031,0.7769784172661871,0.7324738114423852,0.6973446693232841
Scholarship holder,0,2645,0.38638941398865784,0.35992438563327034,0.7827788649706457,0.7599243856332704,0.7264410240279976
Scholarship holder,1,894,0.12863534675615212,0.09284116331096197,0.5391304347826087,0.8322147651006712,0.6811089972840435
Debtor,0,3150,0.2819047619047619,0.24634920634920635,0.722972972972973,0.7780952380952381,0.726538006952462
Debtor,1,389,0.6401028277634961,0.6658097686375322,0.8835341365461847,0.7789203084832905,0.692392071680695
Tuition fees up to date,0,419,0.8687350835322196,0.9427207637231504,0.9835164835164835,0.883054892601432,0.5191979401306189
Tuition fees up to date,1,3120,0.24775641025641026,0.20512820512820512,0.6520051746442432,0.764102564102564,0.7079399600136428
International,0,3453,0.3226180133217492,0.29163046626122213,0.7549371633752244,0.7772951057051839,0.7279215253278543
International,1,86,0.26744186046511625,0.32558139534883723,0.9130434782608695,0.813953488372093,0.797666234054743
Displaced,0,1597,0.3775829680651221,0.3575453976205385,0.8275290215588723,0.7914840325610519,0.7468988779583979
Displaced,1,1942,0.2749742533470649,0.23892893923789907,0.6797752808988764,0.7672502574665293,0.7091301827195312
Educational special needs,0,3498,0.3213264722698685,0.2918810748999428,0.7571174377224199,0.7790165809033733,0.7305948981796756
Educational special needs,1,41,0.3170731707317073,0.34146341463414637,0.8461538461538461,0.7073170731707317,0.6852370577860775
Daytime/evening attendance,0,382,0.43455497382198954,0.38481675392670156,0.8313253012048193,0.8036649214659686,0.74965081669123
Daytime/evening attendance,1,3157,0.30757047830218565,0.2812796959138423,0.7456230690010298,0.7751029458346531,0.7260942734919439
