true_outcome,predicted_outcome,confidence,Marital status,Application mode,Application order,Course,Daytime/evening attendance,Previous qualification,Previous qualification (grade),Nacionality,Mother's qualification,Father's qualification,Mother's occupation,Father's occupation,Admission grade,Displaced,Educational special needs,Debtor,Tuition fees up to date,Gender,Scholarship holder,Age at enrollment,International,Unemployment rate,Inflation rate,GDP
Enrolled,Dropout,0.9767504406371542,1,1,1,171,1,1,130.0,1,1,38,5,9,118.1,0,0,1,0,1,0,18,0,9.4,-0.8,-3.12
Enrolled,Dropout,0.9690323753498788,1,17,4,9119,1,1,127.0,1,19,19,5,5,120.4,1,0,1,0,1,0,18,0,9.4,-0.8,-3.12
Dropout,Graduate,0.9685729979526022,1,18,1,9773,1,1,135.0,1,1,1,3,3,129.8,0,0,0,1,0,1,18,0,12.7,3.7,-1.7
Graduate,Dropout,0.9626526251036965,1,7,1,9853,1,3,150.0,1,19,19,4,5,150.0,0,0,1,0,0,0,25,0,10.8,1.4,1.74
Dropout,Graduate,0.9622436871085635,1,1,3,9773,1,1,134.0,1,1,19,9,9,136.1,1,0,0,1,0,1,20,0,12.4,0.5,1.79
Graduate,Dropout,0.9556730089503218,1,51,1,9147,1,1,140.0,1,19,19,9,7,120.4,0,0,1,0,0,0,32,0,16.2,0.3,-0.92
Graduate,Dropout,0.953223564753144,1,1,1,171,1,1,135.0,1,1,38,5,7,137.5,1,0,1,0,1,0,19,0,12.7,3.7,-1.7
Enrolled,Graduate,0.950845698648817,1,1,6,9500,1,1,145.0,1,19,37,9,9,132.3,1,0,0,1,0,1,19,0,10.8,1.4,1.74
Graduate,Dropout,0.9476082248477852,2,39,1,9085,1,1,133.1,1,37,37,90,90,110.3,0,0,0,1,1,0,33,0,7.6,2.6,0.32
Graduate,Dropout,0.9474701219207816,1,39,2,9670,1,1,140.0,1,34,34,0,0,100.0,0,0,0,1,0,0,28,0,7.6,2.6,0.32
Enrolled,Dropout,0.9423022698352578,1,39,1,9085,1,12,133.1,1,38,19,9,8,138.3,1,0,1,0,1,0,25,0,8.9,1.4,3.51
Dropout,Graduate,0.9390861079385986,1,1,2,9238,1,1,147.0,1,19,38,9,8,135.8,1,0,0,1,0,1,19,0,13.9,-0.3,0.79
Enrolled,Graduate,0.9382242260285969,1,1,1,9085,1,1,147.0,1,37,19,9,5,133.7,1,0,0,1,0,1,19,0,10.8,1.4,1.74
Dropout,Graduate,0.9337536699454686,1,1,4,9070,1,1,143.0,1,1,1,9,7,134.6,1,0,0,1,0,1,18,0,12.4,0.5,1.79
Dropout,Graduate,0.931921487560417,1,1,1,171,1,1,163.0,1,1,1,4,3,149.7,1,0,0,1,0,1,18,0,13.9,-0.3,0.79
Enrolled,Graduate,0.9310434525114278,1,17,2,9500,1,1,145.0,1,2,38,3,8,136.3,1,0,0,1,0,0,18,0,12.7,3.7,-1.7
Dropout,Graduate,0.9309774207836884,1,1,1,9670,1,1,133.0,1,38,38,9,9,128.1,1,0,0,1,1,1,18,0,13.9,-0.3,0.79
Enrolled,Dropout,0.9220794341207353,1,43,1,9119,1,1,130.0,1,1,1,9,2,128.0,0,0,1,0,1,0,27,0,13.9,-0.3,0.79
Dropout,Graduate,0.9191122971219691,1,17,2,8014,0,1,133.0,1,19,1,5,5,119.7,1,0,0,1,0,1,19,0,9.4,-0.8,-3.12
Enrolled,Dropout,0.9179856738735509,1,17,1,9670,1,1,138.0,1,1,1,4,8,123.0,0,0,1,0,1,0,20,0,13.9,-0.3,0.79
